<images>
  <image filename="cursor.png" width="32" height="64"/>
  <image filename="softmenu-normal.png" width="16" height="16"/>
  <image filename="softmenu-rollover.png" width="16" height="16"/>
  <image filename="textlog.png" width="120" height="120">
    <subrect id="return-normal" rect="0,0,66,18"/>
    <subrect id="return-rollover" rect="0,18,66,18"/>
    <subrect id="return-pressed" rect="0,36,66,18"/>
    <subrect id="return-disabled" rect="0,54,66,18"/>
    <subrect id="vfade" rect="66,54,6,66"/>
    <subrect id="edge-top" rect="72,54,18,18"/>
    <subrect id="edge-bottom" rect="90,54,18,18"/>
    <subrect id="scroll-thumb" rect="108,54,6,18"/>
    <subrect id="scroll-bg" rect="114,54,6,66"/>
  </image>
</images>
