<images>
  <image filename="cursor.png" width="32" height="64"/>
  <image filename="cursor-android.png" width="32" height="64"/>
  <image filename="softmenu-normal.png" width="48" height="48"/>
  <image filename="softmenu-rollover.png" width="48" height="48"/>
  <image filename="textlog.png" width="256" height="320">
    <subrect id="return-normal"   rect="  1,  1,254, 62" />
    <subrect id="return-rollover" rect="  1, 65,254, 62" />
    <subrect id="return-pressed"  rect="  1,129,254, 62" />
    <subrect id="return-disabled" rect="  1,193,254, 62" />
    <subrect id="edge-top"        rect="  1,257, 62, 62" />
    <subrect id="edge-bottom"     rect=" 65,257, 62, 62" />
  </image>
  <image filename="components.png" width="256" height="512">
    <subrect id="button-normal"   rect="  1,  1,254, 62" />
    <subrect id="button-rollover" rect="  1, 65,254, 62" />
    <subrect id="button-pressed"  rect="  1,129,254, 62" />
    <subrect id="button-disabled" rect="  1,193,254, 62" />
    <subrect id="fade-up"         rect="  1,256, 14,255" />
    <subrect id="fade-down"       rect=" 33,257, 14,255" />
    <subrect id="scroll-thumb"    rect=" 65,257, 14, 62" />
    <subrect id="scroll-bg"       rect=" 97,257, 14,126" />
    <subrect id="scroll-thumb-h"  rect=" 65,449, 62, 14" />
    <subrect id="scroll-bg-h"     rect=" 65,481,126, 14" />
    <subrect id="button-small-normal"   rect="128,256, 63, 63" />
    <subrect id="button-small-rollover" rect="128,320, 63, 63" />
    <subrect id="button-small-pressed"  rect="192,256, 63, 63" />
    <subrect id="button-small-disabled" rect="192,320, 63, 63" />
    <subrect id="edge-top"        rect="129,321, 62, 62" />
    <subrect id="edge-bottom"     rect="193,321, 62, 62" />
  </image>
</images>
