<images>
  <image filename="cursor.png" width="32" height="64"/>
  <image filename="softmenu-normal.png" width="64" height="64"/>
  <image filename="softmenu-rollover.png" width="64" height="64"/>
  <image filename="textlog.png" width="512" height="512">
    <subrect id="return-normal" rect="1,1,254,62"/>
    <subrect id="return-rollover" rect="1,65,254,62"/>
    <subrect id="return-pressed" rect="1,129,254,62"/>
    <subrect id="return-disabled" rect="1,193,254,62"/>
    <subrect id="vfade" rect="1,256,14,256"/>
    <subrect id="edge-top" rect="129,257,62,62"/>
    <subrect id="edge-bottom" rect="193,257,62,62"/>
    <subrect id="scroll-thumb" rect="64,256,16,64"/>
    <subrect id="scroll-bg" rect="96,256,16,256"/>
  </image>
</images>
