<images>
  <image filename="cursor.png" width="32" height="64"/>
  <image filename="softmenu-normal.png" width="24" height="24"/>
  <image filename="softmenu-rollover.png" width="24" height="24"/>
  <image filename="textlog.png" width="251" height="221">
    <subrect id="return-normal" rect="0,0,97,25"/>
    <subrect id="return-rollover" rect="97,0,97,25"/>
    <subrect id="return-pressed" rect="0,25,97,25"/>
    <subrect id="return-disabled" rect="97,25,97,25"/>
    <subrect id="vfade" rect="194,25,7,98"/>
    <subrect id="edge-top" rect="201,25,25,25"/>
    <subrect id="edge-bottom" rect="226,25,25,25"/>
    <subrect id="scroll-thumb" rect="0,123,8,26"/>
    <subrect id="scroll-bg" rect="8,123,8,98"/>
  </image>
</images>
