<images>
  <image filename="cursor.png" width="32" height="64"/>
  <image filename="softmenu-normal.png" width="40" height="40"/>
  <image filename="softmenu-rollover.png" width="40" height="40"/>
  <image filename="textlog.png" width="254" height="447">
    <subrect id="return-normal" rect="0,0,161,41"/>
    <subrect id="return-rollover" rect="0,41,161,41"/>
    <subrect id="return-pressed" rect="0,82,161,41"/>
    <subrect id="return-disabled" rect="0,123,161,41"/>
    <subrect id="vfade" rect="161,123,11,162"/>
    <subrect id="edge-top" rect="172,123,41,41"/>
    <subrect id="edge-bottom" rect="213,123,41,41"/>
    <subrect id="scroll-thumb" rect="0,285,12,42"/>
    <subrect id="scroll-bg" rect="12,285,12,162"/>
  </image>
</images>
