<?xml version="1.0" encoding="UTF-8"?>
<project name="AndroidVN-custom">
  <target name="-pre-compile">
	<!--  
    <unzip dest="${out.classes.absolute.dir}">   	
      <fileset dir="${jar.libs.absolute.dir}">
        <include name="**/*.jar" />
      </fileset>
    </unzip>
        
    <move todir="${out.absolute.dir}/jar-res" includeEmptyDirs="false">
      <fileset dir="${out.classes.absolute.dir}" excludes="**/*.class" />
    </move>
    -->
  </target>
  
  <target name="-post-compile">
    <copy tofile="${out.absolute.dir}/androidvn.jar" file="${out.absolute.dir}/classes.jar" overwrite="true"/>

	<!--  
    <jar destfile="${out.absolute.dir}/androidnvlist.jar">
      <zipgroupfileset dir="${out.absolute.dir}" includes="classes.jar" />    	
      <zipfileset dir="${out.classes.absolute.dir}" includes="**/R$*.class" />    	
      <zipfileset dir="${out.absolute.dir}/jar-res" />
    </jar>
    -->
  </target>
</project>
